lat,lon,ele,name,text_date,text_time,t
28.013318,98.628172,1658.68,线路起点,2019-11-10,10:21:46,37306
28.014278,98.632266,1673.15,250,2019-11-10,10:22:14,37334
28.009695,98.63457,1677.52,1100,2019-11-10,10:22:53,37373
28.008137,98.632491,1673.93,1200,2019-11-10,10:23:08,37388
28.002033,98.631753,1660.16,1330,2019-11-10,10:23:47,37427
28.001018,98.637052,1666.83,2520,2019-11-10,10:24:20,37460
28.002282,98.638936,1670.96,2760,2019-11-10,10:24:32,37472
28.000995,98.641308,1640.82,3060,2019-11-10,10:24:49,37489
27.996673,98.644577,1614.75,3320,2019-11-10,10:25:14,37514
27.995222,98.643557,1606.28,3900,2019-11-10,10:25:35,37535
27.9933,98.646496,1574.34,4270,2019-11-10,10:25:55,37555
27.991355,98.646766,1572.12,4480,2019-11-10,10:26:06,37566
27.985823,98.645543,1538.34,5300,2019-11-10,10:26:44,37604
27.983385,98.647932,1544.26,5600,2019-11-10,10:27:02,37622
27.982327,98.651722,1547.72,5980,2019-11-10,10:27:21,37641
27.983129,98.653739,1557.14,6200,2019-11-10,10:27:33,37653
27.980167,98.655341,1558.26,6600,2019-11-10,10:27:55,37675
27.973044,98.655545,1560.3,7430,2019-11-10,10:28:31,37711
27.969824,98.659727,1545.8,8000,2019-11-10,10:28:53,37733
27.968595,98.66114,1547.26,8200,2019-11-10,10:29:01,37741
27.96838,98.66321,1531.21,8480,2019-11-10,10:29:22,37762
27.966811,98.665092,1532.69,8800,2019-11-10,10:29:41,37781
27.965077,98.665286,1529.24,9000,2019-11-10,10:29:52,37792
27.962423,98.66239,1513.24,6420,2019-11-10,10:30:08,37808
27.958552,98.656549,1500.83,10000,2019-11-10,10:30:33,37833
27.955537,98.654476,1501.47,10400,2019-11-10,10:30:50,37850
27.947108,98.65184,1489.09,11450,2019-11-10,10:31:28,37888
27.940037,98.652857,1497.34,12220,2019-11-10,10:32:00,37920
27.936628,98.652371,1482.42,12650,2019-11-10,10:32:15,37935
27.928561,98.650024,1493.81,13560,2019-11-10,10:33:09,37989
27.925545,98.655947,1502.13,14350,2019-11-10,10:34:00,38040
27.930148,98.669203,1488.32,15880,2019-11-10,10:34:59,38099
27.927195,98.677262,1493.66,16800,2019-11-10,10:35:45,38145
27.908295,98.659873,1488.94,19680,2019-11-10,10:37:51,38271
27.899183,98.661464,1488.38,20780,2019-11-10,10:38:47,38327
27.89251,98.673575,1488.1,22240,2019-11-10,10:40:03,38403
27.882269,98.673276,1479.62,23470,2019-11-10,10:41:12,38472
27.880208,98.674708,1489.99,23750,2019-11-10,10:41:27,38487
27.875849,98.679175,1482.38,24460,2019-11-10,10:42:06,38526
27.867223,98.684936,1521.16,25620,2019-11-10,10:43:09,38589
27.861941,98.684654,1518.91,26200,2019-11-10,10:43:37,38617
27.848332,98.684576,1517.47,27740,2019-11-10,10:48:17,38897
27.845101,98.68374,1499.5,28280,2019-11-10,10:48:56,38936
27.838701,98.683743,1468.12,29000,2019-11-10,10:49:29,38969
27.828867,98.688908,1455.81,30250,2019-11-10,10:50:25,39025
27.817624,98.692395,1462.07,31600,2019-11-10,10:51:28,39088
27.815283,98.690765,1477.16,31900,2019-11-10,10:51:45,39105
27.805518,98.683965,1444.13,33200,2019-11-10,10:52:44,39164
27.79672,98.684805,1432.54,34220,2019-11-10,10:54:08,39248
27.791449,98.68169,1425.91,34865,2019-11-10,10:55:14,39314
27.764525,98.677625,1414.99,37977,2019-11-10,10:57:47,39467
27.76284,98.676712,1416.51,38200,2019-11-10,10:58:04,39484
27.760012,98.676153,1423.69,38530,2019-11-10,10:58:21,39501
27.757758,98.675478,1423.32,线路终点,2019-11-10,10:58:38,39518
28.013318,98.628172,1658.68,,2019-11-10,10:21:46,37306
28.013298,98.628749,1662.1,,2019-11-10,10:21:49,37309
28.013334,98.629151,1666.49,,2019-11-10,10:21:52,37312
28.013459,98.629515,1668.36,,2019-11-10,10:21:55,37315
28.013637,98.629841,1666.9,,2019-11-10,10:21:58,37318
28.0138,98.630189,1668.47,,2019-11-10,10:22:01,37321
28.013941,98.630565,1668.6,,2019-11-10,10:22:04,37324
28.01423,98.632081,1674.08,,2019-11-10,10:22:13,37333
28.014157,98.632464,1671.62,,2019-11-10,10:22:16,37336
28.013839,98.632724,1675.19,,2019-11-10,10:22:19,37339
28.01349,98.633017,1676.8,,2019-11-10,10:22:22,37342
28.013137,98.633425,1675.44,,2019-11-10,10:22:25,37345
28.012745,98.633854,1674.59,,2019-11-10,10:22:28,37348
28.012274,98.634277,1675.42,,2019-11-10,10:22:31,37351
28.011774,98.634655,1674.34,,2019-11-10,10:22:34,37354
28.011345,98.63504,1674.89,,2019-11-10,10:22:37,37357
28.011019,98.635346,1676.3,,2019-11-10,10:22:40,37360
28.010712,98.635439,1677.23,,2019-11-10,10:22:43,37363
28.010436,98.63519,1677.65,,2019-11-10,10:22:46,37366
28.01008,98.634921,1677.05,,2019-11-10,10:22:49,37369
28.009695,98.63457,1677.52,,2019-11-10,10:22:52,37372
28.009448,98.634058,1676.33,,2019-11-10,10:22:55,37375
28.009244,98.633496,1676.52,,2019-11-10,10:22:58,37378
28.008931,98.632988,1677.0,,2019-11-10,10:23:01,37381
28.008547,98.63263,1676.09,,2019-11-10,10:23:04,37384
28.008137,98.632491,1673.93,,2019-11-10,10:23:07,37387
28.007772,98.63223,1668.21,,2019-11-10,10:23:10,37390
28.007469,98.631921,1668.06,,2019-11-10,10:23:13,37393
28.007094,98.63196,1665.36,,2019-11-10,10:23:16,37396
28.00674,98.63208,1663.4,,2019-11-10,10:23:19,37399
28.006369,98.631969,1659.61,,2019-11-10,10:23:22,37402
28.005907,98.631787,1655.66,,2019-11-10,10:23:25,37405
28.005352,98.631751,1657.93,,2019-11-10,10:23:28,37408
28.004746,98.631729,1658.34,,2019-11-10,10:23:31,37411
28.004141,98.631656,1659.32,,2019-11-10,10:23:34,37414
28.003574,98.631723,1660.43,,2019-11-10,10:23:37,37417
28.003029,98.631737,1660.94,,2019-11-10,10:23:41,37421
28.002512,98.631781,1660.39,,2019-11-10,10:23:44,37424
28.002144,98.631765,1659.95,,2019-11-10,10:23:47,37427
28.001832,98.63182,1661.93,,2019-11-10,10:23:50,37430
28.001525,98.63211,1660.49,,2019-11-10,10:23:53,37433
28.001143,98.632446,1660.63,,2019-11-10,10:23:56,37436
28.000763,98.63283,1661.6,,2019-11-10,10:23:59,37439
28.000528,98.633357,1668.71,,2019-11-10,10:24:02,37442
28.000344,98.633912,1665.84,,2019-11-10,10:24:05,37445
28.000305,98.634558,1665.55,,2019-11-10,10:24:08,37448
28.000403,98.635228,1667.28,,2019-11-10,10:24:11,37451
28.000543,98.635893,1668.11,,2019-11-10,10:24:14,37454
28.000735,98.636511,1667.2,,2019-11-10,10:24:17,37457
28.001018,98.637052,1666.83,,2019-11-10,10:24:20,37460
28.001298,98.637519,1667.74,,2019-11-10,10:24:23,37463
28.001569,98.6379,1667.98,,2019-11-10,10:24:26,37466
28.001853,98.63836,1669.71,,2019-11-10,10:24:29,37469
28.002282,98.638936,1670.96,,2019-11-10,10:24:32,37472
28.002355,98.639407,1664.88,,2019-11-10,10:24:35,37475
28.002158,98.639825,1662.61,,2019-11-10,10:24:38,37478
28.00186,98.640299,1659.92,,2019-11-10,10:24:41,37481
28.001563,98.640778,1651.0,,2019-11-10,10:24:44,37484
28.001159,98.641186,1643.02,,2019-11-10,10:24:47,37487
28.000656,98.641577,1640.6,,2019-11-10,10:24:50,37490
28.00018,98.642034,1638.22,,2019-11-10,10:24:53,37493
27.999747,98.642457,1635.24,,2019-11-10,10:24:56,37496
27.999226,98.642764,1634.68,,2019-11-10,10:24:59,37499
27.998664,98.64313,1628.41,,2019-11-10,10:25:02,37502
27.998123,98.643563,1623.15,,2019-11-10,10:25:05,37505
27.997581,98.643888,1620.21,,2019-11-10,10:25:08,37508
27.997092,98.644155,1617.8,,2019-11-10,10:25:11,37511
27.996673,98.644577,1614.75,,2019-11-10,10:25:14,37514
27.996264,98.644883,1612.78,,2019-11-10,10:25:17,37517
27.995928,98.644816,1608.23,,2019-11-10,10:25:20,37520
27.99584,98.64445,1604.38,,2019-11-10,10:25:23,37523
27.995841,98.643996,1604.03,,2019-11-10,10:25:26,37526
27.995763,98.643626,1632.86,,2019-11-10,10:25:29,37529
27.995485,98.643479,1613.23,,2019-11-10,10:25:32,37532
27.995111,98.643578,1603.51,,2019-11-10,10:25:35,37535
27.994827,98.643765,1599.45,,2019-11-10,10:25:38,37538
27.994623,98.644145,1595.29,,2019-11-10,10:25:41,37541
27.994387,98.644658,1592.55,,2019-11-10,10:25:44,37544
27.994064,98.645237,1586.24,,2019-11-10,10:25:47,37547
27.993748,98.645848,1581.18,,2019-11-10,10:25:50,37550
27.993438,98.646372,1576.11,,2019-11-10,10:25:53,37553
27.993001,98.646713,1575.82,,2019-11-10,10:25:56,37556
27.992427,98.646804,1574.28,,2019-11-10,10:26:00,37560
27.991863,98.646833,1571.45,,2019-11-10,10:26:03,37563
27.991449,98.646826,1571.65,,2019-11-10,10:26:06,37566
27.991217,98.646599,1572.09,,2019-11-10,10:26:09,37569
27.991209,98.646218,1572.33,,2019-11-10,10:26:12,37572
27.991002,98.645783,1606.32,,2019-11-10,10:26:15,37575
27.990649,98.645408,1584.94,,2019-11-10,10:26:18,37578
27.99019,98.64508,1574.15,,2019-11-10,10:26:21,37581
27.989654,98.644817,1565.9,,2019-11-10,10:26:24,37584
27.989052,98.644765,1560.09,,2019-11-10,10:26:27,37587
27.988443,98.644832,1554.51,,2019-11-10,10:26:30,37590
27.987813,98.644834,1547.93,,2019-11-10,10:26:33,37593
27.987205,98.644709,1541.8,,2019-11-10,10:26:36,37596
27.986678,98.64475,1539.25,,2019-11-10,10:26:39,37599
27.986093,98.645231,1538.35,,2019-11-10,10:26:42,37602
27.985685,98.645688,1538.13,,2019-11-10,10:26:45,37605
27.985212,98.646067,1540.38,,2019-11-10,10:26:48,37608
27.984698,98.646425,1542.98,,2019-11-10,10:26:51,37611
27.984215,98.646823,1544.04,,2019-11-10,10:26:54,37614
27.983784,98.647227,1544.7,,2019-11-10,10:26:57,37617
27.983463,98.64773,1544.48,,2019-11-10,10:27:00,37620
27.98325,98.648338,1543.81,,2019-11-10,10:27:03,37623
27.983035,98.648945,1543.91,,2019-11-10,10:27:06,37626
27.982763,98.649546,1545.06,,2019-11-10,10:27:09,37629
27.982555,98.650151,1546.95,,2019-11-10,10:27:12,37632
27.982366,98.650715,1547.64,,2019-11-10,10:27:15,37635
27.982267,98.651236,1546.18,,2019-11-10,10:27:18,37638
27.982327,98.651722,1547.72,,2019-11-10,10:27:21,37641
27.982525,98.652208,1549.18,,2019-11-10,10:27:24,37644
27.982759,98.652755,1551.44,,2019-11-10,10:27:27,37647
27.983025,98.653254,1555.14,,2019-11-10,10:27:30,37650
27.983129,98.653739,1557.14,,2019-11-10,10:27:33,37653
27.982952,98.654176,1560.11,,2019-11-10,10:27:36,37656
27.982594,98.654588,1558.35,,2019-11-10,10:27:39,37659
27.982129,98.654927,1559.52,,2019-11-10,10:27:42,37662
27.981597,98.655001,1561.49,,2019-11-10,10:27:45,37665
27.981132,98.655031,1560.65,,2019-11-10,10:27:48,37668
27.980728,98.655142,1558.92,,2019-11-10,10:27:51,37671
27.980321,98.655282,1558.77,,2019-11-10,10:27:54,37674
27.979843,98.655428,1560.87,,2019-11-10,10:27:57,37677
27.979301,98.655453,1561.47,,2019-11-10,10:28:00,37680
27.9788,98.655151,1561.92,,2019-11-10,10:28:03,37683
27.978253,98.654879,1561.13,,2019-11-10,10:28:06,37686
27.977622,98.654779,1559.06,,2019-11-10,10:28:10,37690
27.976961,98.654842,1560.19,,2019-11-10,10:28:13,37693
27.976346,98.654949,1560.85,,2019-11-10,10:28:16,37696
27.975721,98.655035,1561.72,,2019-11-10,10:28:19,37699
27.975071,98.655058,1562.09,,2019-11-10,10:28:22,37702
27.974404,98.655141,1561.84,,2019-11-10,10:28:25,37705
27.973735,98.655332,1560.84,,2019-11-10,10:28:28,37708
27.973044,98.655545,1560.3,,2019-11-10,10:28:31,37711
27.972329,98.655802,1557.07,,2019-11-10,10:28:34,37714
27.971663,98.656086,1555.41,,2019-11-10,10:28:37,37717
27.971084,98.656533,1554.14,,2019-11-10,10:28:40,37720
27.970672,98.657177,1534.06,,2019-11-10,10:28:43,37723
27.970399,98.65796,1541.37,,2019-11-10,10:28:46,37726
27.970151,98.659023,1546.01,,2019-11-10,10:28:49,37729
27.969824,98.659727,1545.8,,2019-11-10,10:28:52,37732
27.969426,98.660353,1547.7,,2019-11-10,10:28:55,37735
27.969035,98.660849,1549.04,,2019-11-10,10:28:58,37738
27.968595,98.66114,1547.26,,2019-11-10,10:29:01,37741
27.96821,98.661343,1545.5,,2019-11-10,10:29:04,37744
27.968006,98.661696,1542.48,,2019-11-10,10:29:07,37747
27.967866,98.662079,1526.59,,2019-11-10,10:29:10,37750
27.967809,98.662404,1531.83,,2019-11-10,10:29:13,37753
27.96783,98.662762,1532.96,,2019-11-10,10:29:16,37756
27.968021,98.663044,1533.08,,2019-11-10,10:29:19,37759
27.96838,98.66321,1531.21,,2019-11-10,10:29:22,37762
27.968727,98.663434,1529.66,,2019-11-10,10:29:25,37765
27.968466,98.66381,1529.49,,2019-11-10,10:29:28,37768
27.968221,98.664222,1532.66,,2019-11-10,10:29:31,37771
27.967817,98.664591,1532.31,,2019-11-10,10:29:34,37774
27.967331,98.664899,1533.05,,2019-11-10,10:29:37,37777
27.966811,98.665092,1532.69,,2019-11-10,10:29:40,37780
27.96632,98.665153,1533.55,,2019-11-10,10:29:43,37783
27.965883,98.665324,1532.27,,2019-11-10,10:29:46,37786
27.965402,98.665393,1530.8,,2019-11-10,10:29:49,37789
27.964922,98.665187,1528.79,,2019-11-10,10:29:52,37792
27.964439,98.664848,1527.83,,2019-11-10,10:29:55,37795
27.964034,98.664362,1526.13,,2019-11-10,10:29:58,37798
27.963602,98.663822,1523.76,,2019-11-10,10:30:01,37801
27.963065,98.663255,1519.82,,2019-11-10,10:30:04,37804
27.962542,98.662654,1516.6,,2019-11-10,10:30:07,37807
27.962132,98.66188,1508.74,,2019-11-10,10:30:10,37810
27.961678,98.66111,1505.19,,2019-11-10,10:30:13,37813
27.961263,98.660334,1499.14,,2019-11-10,10:30:17,37817
27.96087,98.65955,1496.78,,2019-11-10,10:30:20,37820
27.960366,98.658855,1497.17,,2019-11-10,10:30:23,37823
27.959842,98.658149,1496.13,,2019-11-10,10:30:26,37826
27.959295,98.657505,1497.74,,2019-11-10,10:30:29,37829
27.958805,98.656918,1500.43,,2019-11-10,10:30:32,37832
27.958419,98.656373,1501.08,,2019-11-10,10:30:35,37835
27.957922,98.655978,1500.26,,2019-11-10,10:30:38,37838
27.957346,98.65572,1502.63,,2019-11-10,10:30:41,37841
27.956757,98.655465,1503.95,,2019-11-10,10:30:44,37844
27.956197,98.655126,1503.85,,2019-11-10,10:30:47,37847
27.955715,98.654634,1501.56,,2019-11-10,10:30:50,37850
27.955169,98.65419,1500.62,,2019-11-10,10:30:53,37853
27.954636,98.653897,1497.53,,2019-11-10,10:30:56,37856
27.953893,98.653585,1493.33,,2019-11-10,10:30:59,37859
27.953293,98.653278,1489.42,,2019-11-10,10:31:02,37862
27.95271,98.652849,1488.57,,2019-11-10,10:31:05,37865
27.952103,98.652401,1487.28,,2019-11-10,10:31:08,37868
27.951409,98.652052,1486.62,,2019-11-10,10:31:11,37871
27.95068,98.651746,1485.14,,2019-11-10,10:31:14,37874
27.949909,98.65155,1485.45,,2019-11-10,10:31:17,37877
27.949103,98.651499,1485.26,,2019-11-10,10:31:20,37880
27.948315,98.651546,1486.79,,2019-11-10,10:31:23,37883
27.94758,98.651667,1488.42,,2019-11-10,10:31:26,37886
27.946875,98.651962,1489.65,,2019-11-10,10:31:29,37889
27.946165,98.65224,1489.34,,2019-11-10,10:31:32,37892
27.945418,98.652412,1489.36,,2019-11-10,10:31:35,37895
27.944664,98.652611,1489.9,,2019-11-10,10:31:38,37898
27.943897,98.652823,1489.81,,2019-11-10,10:31:41,37901
27.943129,98.653087,1490.35,,2019-11-10,10:31:44,37904
27.942393,98.653254,1491.44,,2019-11-10,10:31:47,37907
27.941681,98.653199,1495.19,,2019-11-10,10:31:50,37910
27.940999,98.653089,1496.15,,2019-11-10,10:31:53,37913
27.940499,98.653005,1497.98,,2019-11-10,10:31:56,37916
27.940037,98.652857,1497.34,,2019-11-10,10:31:59,37919
27.939521,98.65269,1496.86,,2019-11-10,10:32:02,37922
27.938919,98.652605,1492.79,,2019-11-10,10:32:05,37925
27.938237,98.652473,1490.28,,2019-11-10,10:32:08,37928
27.937517,98.652409,1486.49,,2019-11-10,10:32:11,37931
27.936844,98.652398,1483.14,,2019-11-10,10:32:14,37934
27.936215,98.652277,1483.32,,2019-11-10,10:32:17,37937
27.935674,98.652138,1484.17,,2019-11-10,10:32:20,37940
27.935223,98.651992,1486.61,,2019-11-10,10:32:23,37943
27.934799,98.651741,1482.74,,2019-11-10,10:32:26,37946
27.934492,98.651538,1481.26,,2019-11-10,10:32:29,37949
27.934194,98.651356,1480.84,,2019-11-10,10:32:32,37952
27.933789,98.651175,1479.6,,2019-11-10,10:32:35,37955
27.933315,98.650978,1479.54,,2019-11-10,10:32:38,37958
27.932788,98.650716,1481.01,,2019-11-10,10:32:41,37961
27.932245,98.650407,1484.11,,2019-11-10,10:32:44,37964
27.931665,98.65013,1485.71,,2019-11-10,10:32:47,37967
27.931082,98.649883,1487.36,,2019-11-10,10:32:50,37970
27.930685,98.649746,1488.09,,2019-11-10,10:32:53,37973
27.929912,98.649627,1491.6,,2019-11-10,10:32:57,37977
27.929383,98.649592,1493.14,,2019-11-10,10:33:00,37980
27.928952,98.649682,1491.64,,2019-11-10,10:33:03,37983
27.928708,98.649898,1494.04,,2019-11-10,10:33:06,37986
27.928591,98.649979,1493.07,,2019-11-10,10:33:09,37989
27.928514,98.650054,1492.64,,2019-11-10,10:33:12,37992
27.92849,98.650076,1493.54,,2019-11-10,10:33:15,37995
27.928414,98.650115,1493.4,,2019-11-10,10:33:21,38001
27.928275,98.650183,1493.76,,2019-11-10,10:33:24,38004
27.927981,98.650376,1495.86,,2019-11-10,10:33:27,38007
27.927653,98.650603,1499.03,,2019-11-10,10:33:30,38010
27.927241,98.650889,1502.68,,2019-11-10,10:33:33,38013
27.926823,98.651113,1505.39,,2019-11-10,10:33:36,38016
27.926462,98.651416,1507.19,,2019-11-10,10:33:39,38019
27.926228,98.651901,1507.78,,2019-11-10,10:33:42,38022
27.926067,98.652479,1505.49,,2019-11-10,10:33:45,38025
27.926007,98.653153,1505.51,,2019-11-10,10:33:48,38028
27.926012,98.653861,1505.92,,2019-11-10,10:33:51,38031
27.925899,98.654552,1505.96,,2019-11-10,10:33:54,38034
27.925687,98.655213,1505.74,,2019-11-10,10:33:57,38037
27.925545,98.655947,1502.13,,2019-11-10,10:34:00,38040
27.925432,98.656702,1501.58,,2019-11-10,10:34:03,38043
27.925425,98.657515,1500.28,,2019-11-10,10:34:06,38046
27.925452,98.658352,1498.13,,2019-11-10,10:34:09,38049
27.925484,98.65925,1493.3,,2019-11-10,10:34:12,38052
27.925499,98.660172,1488.61,,2019-11-10,10:34:15,38055
27.92546,98.661081,1488.98,,2019-11-10,10:34:18,38058
27.925447,98.66193,1487.66,,2019-11-10,10:34:21,38061
27.925588,98.66274,1492.84,,2019-11-10,10:34:24,38064
27.925675,98.663534,1492.32,,2019-11-10,10:34:27,38067
27.925649,98.664375,1492.13,,2019-11-10,10:34:30,38070
27.925661,98.665187,1489.21,,2019-11-10,10:34:33,38073
27.925804,98.665917,1488.71,,2019-11-10,10:34:36,38076
27.926178,98.666552,1489.07,,2019-11-10,10:34:39,38079
27.926578,98.667159,1487.6,,2019-11-10,10:34:42,38082
27.927046,98.667705,1487.57,,2019-11-10,10:34:45,38085
27.927517,98.668142,1481.05,,2019-11-10,10:34:48,38088
27.928241,98.668484,1482.47,,2019-11-10,10:34:51,38091
27.928889,98.668812,1482.17,,2019-11-10,10:34:54,38094
27.929548,98.669054,1485.87,,2019-11-10,10:34:57,38097
27.930148,98.669203,1488.32,,2019-11-10,10:35:00,38100
27.9306,98.669327,1485.57,,2019-11-10,10:35:03,38103
27.930447,98.669901,1484.12,,2019-11-10,10:35:06,38106
27.930534,98.670406,1487.89,,2019-11-10,10:35:09,38109
27.930508,98.670991,1487.69,,2019-11-10,10:35:12,38112
27.930291,98.671644,1487.71,,2019-11-10,10:35:15,38115
27.930059,98.67235,1487.84,,2019-11-10,10:35:18,38118
27.929847,98.673064,1489.68,,2019-11-10,10:35:21,38121
27.929648,98.673756,1489.91,,2019-11-10,10:35:24,38124
27.929368,98.674388,1491.33,,2019-11-10,10:35:27,38127
27.928993,98.674936,1494.14,,2019-11-10,10:35:30,38130
27.928606,98.675481,1495.98,,2019-11-10,10:35:33,38133
27.928207,98.676074,1498.06,,2019-11-10,10:35:36,38136
27.927774,98.676674,1494.46,,2019-11-10,10:35:39,38139
27.927311,98.677182,1493.63,,2019-11-10,10:35:42,38142
27.927151,98.677349,1494.36,,2019-11-10,10:35:45,38145
27.927161,98.67727,1490.66,,2019-11-10,10:35:48,38148
27.92693,98.677382,1490.36,,2019-11-10,10:35:51,38151
27.926457,98.677634,1489.04,,2019-11-10,10:35:54,38154
27.926013,98.677707,1488.58,,2019-11-10,10:35:57,38157
27.925493,98.677566,1485.61,,2019-11-10,10:36:00,38160
27.924935,98.677367,1480.87,,2019-11-10,10:36:03,38163
27.924444,98.677121,1479.09,,2019-11-10,10:36:06,38166
27.924041,98.67679,1476.19,,2019-11-10,10:36:09,38169
27.923579,98.67642,1473.12,,2019-11-10,10:36:12,38172
27.923024,98.676098,1474.69,,2019-11-10,10:36:15,38175
27.922442,98.675721,1473.76,,2019-11-10,10:36:18,38178
27.921858,98.675303,1475.25,,2019-11-10,10:36:21,38181
27.921282,98.674876,1476.07,,2019-11-10,10:36:24,38184
27.920824,98.67448,1475.15,,2019-11-10,10:36:27,38187
27.920352,98.674186,1475.28,,2019-11-10,10:36:30,38190
27.919862,98.67386,1475.51,,2019-11-10,10:36:33,38193
27.919354,98.673488,1476.75,,2019-11-10,10:36:36,38196
27.91881,98.673115,1478.74,,2019-11-10,10:36:39,38199
27.918252,98.672696,1480.13,,2019-11-10,10:36:42,38202
27.917733,98.672209,1480.51,,2019-11-10,10:36:45,38205
27.917283,98.671704,1484.4,,2019-11-10,10:36:48,38208
27.916817,98.671217,1485.08,,2019-11-10,10:36:51,38211
27.916308,98.67072,1483.13,,2019-11-10,10:36:54,38214
27.915762,98.670234,1481.25,,2019-11-10,10:36:57,38217
27.915248,98.669726,1480.42,,2019-11-10,10:37:00,38220
27.914792,98.669183,1480.61,,2019-11-10,10:37:03,38223
27.914349,98.668635,1480.24,,2019-11-10,10:37:06,38226
27.913944,98.668023,1480.84,,2019-11-10,10:37:09,38229
27.913569,98.667367,1481.06,,2019-11-10,10:37:12,38232
27.913207,98.666699,1482.81,,2019-11-10,10:37:15,38235
27.912931,98.665999,1484.61,,2019-11-10,10:37:18,38238
27.91265,98.665282,1485.0,,2019-11-10,10:37:21,38241
27.912339,98.664538,1484.89,,2019-11-10,10:37:24,38244
27.912093,98.663729,1484.83,,2019-11-10,10:37:27,38247
27.911771,98.662931,1485.19,,2019-11-10,10:37:30,38250
27.911411,98.662189,1484.45,,2019-11-10,10:37:33,38253
27.910983,98.661554,1485.71,,2019-11-10,10:37:36,38256
27.91048,98.660984,1485.57,,2019-11-10,10:37:39,38259
27.90993,98.660488,1486.34,,2019-11-10,10:37:42,38262
27.909297,98.660144,1488.21,,2019-11-10,10:37:45,38265
27.908659,98.659979,1489.61,,2019-11-10,10:37:48,38268
27.908136,98.659783,1489.88,,2019-11-10,10:37:51,38271
27.907713,98.659442,1492.66,,2019-11-10,10:37:54,38274
27.907236,98.659213,1493.85,,2019-11-10,10:37:57,38277
27.906763,98.659161,1495.16,,2019-11-10,10:38:00,38280
27.906321,98.659348,1495.1,,2019-11-10,10:38:03,38283
27.905891,98.659516,1495.5,,2019-11-10,10:38:06,38286
27.905461,98.65943,1496.44,,2019-11-10,10:38:09,38289
27.905012,98.659279,1496.62,,2019-11-10,10:38:12,38292
27.904511,98.659313,1494.2,,2019-11-10,10:38:15,38295
27.904016,98.659465,1496.3,,2019-11-10,10:38:18,38298
27.903499,98.659728,1497.18,,2019-11-10,10:38:21,38301
27.902956,98.65999,1495.4,,2019-11-10,10:38:24,38304
27.902398,98.660164,1495.46,,2019-11-10,10:38:27,38307
27.901867,98.660485,1493.91,,2019-11-10,10:38:30,38310
27.901393,98.660893,1495.86,,2019-11-10,10:38:33,38313
27.9009,98.661105,1493.19,,2019-11-10,10:38:36,38316
27.900356,98.661078,1491.33,,2019-11-10,10:38:39,38319
27.899809,98.661127,1489.63,,2019-11-10,10:38:42,38322
27.899331,98.661366,1488.06,,2019-11-10,10:38:45,38325
27.898898,98.661603,1487.4,,2019-11-10,10:38:48,38328
27.898493,98.661764,1484.4,,2019-11-10,10:38:51,38331
27.898262,98.662166,1483.46,,2019-11-10,10:38:54,38334
27.898136,98.662677,1483.83,,2019-11-10,10:38:57,38337
27.89801,98.663248,1484.95,,2019-11-10,10:39:00,38340
27.89779,98.663827,1486.53,,2019-11-10,10:39:03,38343
27.897458,98.664368,1488.28,,2019-11-10,10:39:06,38346
27.897025,98.664865,1486.91,,2019-11-10,10:39:09,38349
27.896512,98.665352,1485.51,,2019-11-10,10:39:12,38352
27.89593,98.665814,1484.45,,2019-11-10,10:39:15,38355
27.895328,98.666299,1483.43,,2019-11-10,10:39:18,38358
27.894848,98.666793,1483.39,,2019-11-10,10:39:21,38361
27.894509,98.667417,1480.82,,2019-11-10,10:39:24,38364
27.894276,98.668102,1477.78,,2019-11-10,10:39:27,38367
27.894247,98.668859,1473.59,,2019-11-10,10:39:30,38370
27.8942,98.669682,1474.24,,2019-11-10,10:39:33,38373
27.89406,98.670454,1475.06,,2019-11-10,10:39:36,38376
27.893904,98.671092,1477.0,,2019-11-10,10:39:39,38379
27.893716,98.671567,1476.56,,2019-11-10,10:39:42,38382
27.893575,98.671893,1477.31,,2019-11-10,10:39:45,38385
27.893439,98.672163,1478.49,,2019-11-10,10:39:48,38388
27.89329,98.672457,1480.97,,2019-11-10,10:39:51,38391
27.893103,98.672755,1482.36,,2019-11-10,10:39:54,38394
27.89289,98.673039,1484.7,,2019-11-10,10:39:57,38397
27.892691,98.673318,1485.95,,2019-11-10,10:40:00,38400
27.89251,98.673575,1488.1,,2019-11-10,10:40:03,38403
27.892371,98.673723,1485.68,,2019-11-10,10:40:06,38406
27.892271,98.673889,1483.48,,2019-11-10,10:40:09,38409
27.892127,98.674109,1484.32,,2019-11-10,10:40:12,38412
27.89198,98.674315,1485.58,,2019-11-10,10:40:15,38415
27.891815,98.674552,1486.9,,2019-11-10,10:40:18,38418
27.89158,98.674804,1487.56,,2019-11-10,10:40:21,38421
27.891255,98.674924,1488.15,,2019-11-10,10:40:24,38424
27.890926,98.674826,1488.55,,2019-11-10,10:40:27,38427
27.890694,98.67459,1491.79,,2019-11-10,10:40:30,38430
27.890364,98.67435,1491.89,,2019-11-10,10:40:33,38433
27.889949,98.674085,1491.27,,2019-11-10,10:40:36,38436
27.889429,98.673821,1489.07,,2019-11-10,10:40:39,38439
27.88885,98.673527,1487.08,,2019-11-10,10:40:42,38442
27.888224,98.673228,1486.24,,2019-11-10,10:40:45,38445
27.887559,98.67295,1485.94,,2019-11-10,10:40:48,38448
27.88684,98.672844,1484.47,,2019-11-10,10:40:51,38451
27.886105,98.672833,1482.25,,2019-11-10,10:40:54,38454
27.885369,98.672833,1480.86,,2019-11-10,10:40:57,38457
27.884657,98.672767,1479.79,,2019-11-10,10:41:00,38460
27.884019,98.672675,1478.82,,2019-11-10,10:41:03,38463
27.883427,98.672795,1479.03,,2019-11-10,10:41:06,38466
27.882856,98.673032,1480.1,,2019-11-10,10:41:09,38469
27.882269,98.673276,1479.62,,2019-11-10,10:41:12,38472
27.881683,98.673527,1485.15,,2019-11-10,10:41:15,38475
27.881177,98.673766,1486.85,,2019-11-10,10:41:18,38478
27.880776,98.674036,1488.32,,2019-11-10,10:41:21,38481
27.880539,98.674411,1490.2,,2019-11-10,10:41:24,38484
27.880208,98.674708,1489.99,,2019-11-10,10:41:27,38487
27.879836,98.675043,1489.71,,2019-11-10,10:41:30,38490
27.879511,98.675448,1486.67,,2019-11-10,10:41:33,38493
27.879221,98.675969,1487.43,,2019-11-10,10:41:36,38496
27.878912,98.676526,1485.6,,2019-11-10,10:41:39,38499
27.87859,98.677097,1484.39,,2019-11-10,10:41:42,38502
27.8782,98.677605,1484.56,,2019-11-10,10:41:45,38505
27.877748,98.678062,1483.64,,2019-11-10,10:41:48,38508
27.877338,98.67851,1482.8,,2019-11-10,10:41:51,38511
27.876985,98.678878,1482.16,,2019-11-10,10:41:54,38514
27.876585,98.678974,1481.8,,2019-11-10,10:41:57,38517
27.876289,98.678876,1481.75,,2019-11-10,10:42:00,38520
27.876055,98.678928,1483.66,,2019-11-10,10:42:03,38523
27.875849,98.679175,1482.38,,2019-11-10,10:42:06,38526
27.875779,98.679549,1483.49,,2019-11-10,10:42:09,38529
27.875869,98.679907,1487.38,,2019-11-10,10:42:12,38532
27.875854,98.680216,1487.03,,2019-11-10,10:42:15,38535
27.87571,98.680561,1490.11,,2019-11-10,10:42:18,38538
27.875497,98.680855,1490.57,,2019-11-10,10:42:22,38542
27.875205,98.681119,1492.06,,2019-11-10,10:42:25,38545
27.874885,98.681418,1493.08,,2019-11-10,10:42:28,38548
27.874502,98.68175,1492.97,,2019-11-10,10:42:31,38551
27.874174,98.682219,1494.43,,2019-11-10,10:42:34,38554
27.873704,98.682667,1496.07,,2019-11-10,10:42:37,38557
27.873176,98.683111,1502.42,,2019-11-10,10:42:40,38560
27.872591,98.683422,1503.0,,2019-11-10,10:42:43,38563
27.871978,98.683683,1503.66,,2019-11-10,10:42:46,38566
27.871344,98.683935,1508.45,,2019-11-10,10:42:49,38569
27.870742,98.684144,1518.4,,2019-11-10,10:42:52,38572
27.870162,98.684283,1517.67,,2019-11-10,10:42:55,38575
27.86957,98.684392,1519.55,,2019-11-10,10:42:58,38578
27.868959,98.684488,1520.01,,2019-11-10,10:43:01,38581
27.868348,98.684592,1521.27,,2019-11-10,10:43:04,38584
27.86777,98.684716,1521.45,,2019-11-10,10:43:07,38587
27.867223,98.684936,1521.16,,2019-11-10,10:43:10,38590
27.866681,98.685095,1522.37,,2019-11-10,10:43:13,38593
27.866124,98.685111,1523.24,,2019-11-10,10:43:16,38596
27.865537,98.68511,1523.5,,2019-11-10,10:43:19,38599
27.86493,98.685017,1522.66,,2019-11-10,10:43:22,38602
27.864295,98.684922,1522.81,,2019-11-10,10:43:25,38605
27.86366,98.684816,1523.41,,2019-11-10,10:43:28,38608
27.863072,98.68468,1523.54,,2019-11-10,10:43:31,38611
27.862495,98.684684,1522.41,,2019-11-10,10:43:34,38614
27.862057,98.684668,1520.53,,2019-11-10,10:43:37,38617
27.861708,98.684609,1517.64,,2019-11-10,10:43:40,38620
27.861283,98.684588,1515.3,,2019-11-10,10:43:43,38623
27.860788,98.684696,1512.9,,2019-11-10,10:43:46,38626
27.860242,98.684739,1511.01,,2019-11-10,10:43:49,38629
27.859651,98.684743,1510.27,,2019-11-10,10:43:52,38632
27.859087,98.684906,1511.92,,2019-11-10,10:43:55,38635
27.858566,98.684976,1512.53,,2019-11-10,10:43:58,38638
27.85809,98.684916,1510.79,,2019-11-10,10:44:01,38641
27.857702,98.684869,1508.2,,2019-11-10,10:44:04,38644
27.857408,98.684914,1506.79,,2019-11-10,10:44:07,38647
27.857244,98.685066,1505.47,,2019-11-10,10:44:10,38650
27.857156,98.68521,1505.78,,2019-11-10,10:44:13,38653
27.857036,98.685335,1505.54,,2019-11-10,10:44:16,38656
27.85685,98.685384,1504.04,,2019-11-10,10:44:19,38659
27.856643,98.685311,1504.44,,2019-11-10,10:44:22,38662
27.856512,98.685081,1502.5,,2019-11-10,10:44:25,38665
27.856411,98.684829,1501.18,,2019-11-10,10:44:28,38668
27.856252,98.684614,1506.48,,2019-11-10,10:44:31,38671
27.856111,98.684429,1504.54,,2019-11-10,10:44:34,38674
27.855943,98.684391,1504.63,,2019-11-10,10:44:37,38677
27.855749,98.684477,1503.58,,2019-11-10,10:44:40,38680
27.855543,98.684569,1504.99,,2019-11-10,10:44:43,38683
27.855357,98.684721,1504.53,,2019-11-10,10:44:46,38686
27.855231,98.684998,1507.66,,2019-11-10,10:44:49,38689
27.855113,98.685288,1508.35,,2019-11-10,10:44:52,38692
27.854941,98.685582,1508.53,,2019-11-10,10:44:55,38695
27.854753,98.685862,1512.96,,2019-11-10,10:44:58,38698
27.854553,98.686045,1511.48,,2019-11-10,10:45:01,38701
27.854315,98.686077,1507.69,,2019-11-10,10:45:04,38704
27.854005,98.686097,1508.02,,2019-11-10,10:45:07,38707
27.853654,98.686121,1507.25,,2019-11-10,10:45:10,38710
27.853342,98.686141,1508.16,,2019-11-10,10:45:13,38713
27.853011,98.686144,1509.21,,2019-11-10,10:45:16,38716
27.852664,98.686083,1511.29,,2019-11-10,10:45:19,38719
27.852362,98.686023,1510.68,,2019-11-10,10:45:22,38722
27.852147,98.685892,1512.42,,2019-11-10,10:45:25,38725
27.851964,98.685708,1512.69,,2019-11-10,10:45:28,38728
27.851764,98.685574,1513.56,,2019-11-10,10:45:31,38731
27.85159,98.685457,1514.49,,2019-11-10,10:45:34,38734
27.851464,98.685384,1514.9,,2019-11-10,10:45:37,38737
27.851355,98.685317,1515.4,,2019-11-10,10:45:40,38740
27.851308,98.685272,1514.18,,2019-11-10,10:45:43,38743
27.85129,98.685247,1516.0,,2019-11-10,10:45:46,38746
27.851313,98.685267,1515.67,,2019-11-10,10:46:01,38761
27.8513,98.685234,1516.68,,2019-11-10,10:46:04,38764
27.851279,98.685211,1517.29,,2019-11-10,10:46:10,38770
27.851239,98.685192,1519.27,,2019-11-10,10:46:13,38773
27.851212,98.685181,1519.54,,2019-11-10,10:46:16,38776
27.851184,98.685166,1519.84,,2019-11-10,10:46:19,38779
27.851132,98.685144,1520.78,,2019-11-10,10:46:22,38782
27.85106,98.685117,1520.94,,2019-11-10,10:46:25,38785
27.85099,98.685094,1521.45,,2019-11-10,10:46:28,38788
27.850912,98.685079,1521.19,,2019-11-10,10:46:31,38791
27.850805,98.685061,1521.71,,2019-11-10,10:46:34,38794
27.850692,98.685067,1521.68,,2019-11-10,10:46:37,38797
27.850607,98.685095,1521.36,,2019-11-10,10:46:40,38800
27.850522,98.68513,1522.5,,2019-11-10,10:46:43,38803
27.850396,98.685189,1521.94,,2019-11-10,10:46:46,38806
27.850254,98.685264,1523.73,,2019-11-10,10:46:49,38809
27.850138,98.685286,1522.26,,2019-11-10,10:46:52,38812
27.850007,98.685308,1522.43,,2019-11-10,10:46:55,38815
27.849848,98.685321,1523.0,,2019-11-10,10:46:58,38818
27.849789,98.685298,1522.61,,2019-11-10,10:47:01,38821
27.849761,98.685293,1522.97,,2019-11-10,10:47:13,38833
27.849726,98.685272,1521.11,,2019-11-10,10:47:16,38836
27.84966,98.685238,1522.02,,2019-11-10,10:47:19,38839
27.849594,98.685191,1523.06,,2019-11-10,10:47:22,38842
27.849534,98.685146,1522.33,,2019-11-10,10:47:25,38845
27.849497,98.685088,1521.85,,2019-11-10,10:47:28,38848
27.849462,98.685024,1522.92,,2019-11-10,10:47:31,38851
27.849427,98.684972,1520.73,,2019-11-10,10:47:34,38854
27.849397,98.684937,1519.61,,2019-11-10,10:47:37,38857
27.849357,98.684898,1517.7,,2019-11-10,10:47:40,38860
27.849321,98.684862,1517.43,,2019-11-10,10:47:43,38863
27.849257,98.684829,1517.29,,2019-11-10,10:47:46,38866
27.849182,98.684809,1516.2,,2019-11-10,10:47:49,38869
27.84912,98.6848,1518.16,,2019-11-10,10:47:52,38872
27.849067,98.684794,1518.05,,2019-11-10,10:47:55,38875
27.849016,98.684784,1518.43,,2019-11-10,10:47:58,38878
27.848948,98.68477,1518.66,,2019-11-10,10:48:01,38881
27.848868,98.68475,1519.22,,2019-11-10,10:48:04,38884
27.848769,98.684724,1519.38,,2019-11-10,10:48:07,38887
27.84867,98.684693,1519.07,,2019-11-10,10:48:10,38890
27.848539,98.684642,1518.31,,2019-11-10,10:48:13,38893
27.848332,98.684576,1517.47,,2019-11-10,10:48:16,38896
27.848035,98.684553,1514.16,,2019-11-10,10:48:19,38899
27.847759,98.684509,1515.08,,2019-11-10,10:48:22,38902
27.847513,98.684458,1514.74,,2019-11-10,10:48:25,38905
27.84728,98.684356,1514.76,,2019-11-10,10:48:28,38908
27.847043,98.684197,1513.29,,2019-11-10,10:48:31,38911
27.846804,98.684065,1511.81,,2019-11-10,10:48:34,38914
27.846575,98.68401,1510.36,,2019-11-10,10:48:37,38917
27.846353,98.683952,1504.52,,2019-11-10,10:48:40,38920
27.8461,98.683915,1505.68,,2019-11-10,10:48:43,38923
27.845861,98.68387,1504.48,,2019-11-10,10:48:46,38926
27.845642,98.68384,1503.92,,2019-11-10,10:48:49,38929
27.84542,98.683794,1502.2,,2019-11-10,10:48:52,38932
27.845184,98.68375,1499.76,,2019-11-10,10:48:55,38935
27.844928,98.683734,1499.03,,2019-11-10,10:48:58,38938
27.844605,98.683747,1498.22,,2019-11-10,10:49:01,38941
27.844194,98.683692,1495.77,,2019-11-10,10:49:04,38944
27.843678,98.683634,1491.81,,2019-11-10,10:49:07,38947
27.843055,98.683593,1488.32,,2019-11-10,10:49:10,38950
27.84236,98.68349,1485.03,,2019-11-10,10:49:13,38953
27.841639,98.683333,1481.49,,2019-11-10,10:49:16,38956
27.8409,98.683243,1476.13,,2019-11-10,10:49:19,38959
27.840202,98.683245,1472.94,,2019-11-10,10:49:22,38962
27.83953,98.683517,1470.32,,2019-11-10,10:49:25,38965
27.838916,98.683713,1468.1,,2019-11-10,10:49:28,38968
27.838287,98.683796,1467.72,,2019-11-10,10:49:31,38971
27.837644,98.684021,1465.11,,2019-11-10,10:49:34,38974
27.837076,98.684411,1465.01,,2019-11-10,10:49:37,38977
27.836475,98.684754,1464.18,,2019-11-10,10:49:40,38980
27.8359,98.685119,1460.43,,2019-11-10,10:49:43,38983
27.835381,98.685527,1457.97,,2019-11-10,10:49:46,38986
27.834962,98.686001,1457.25,,2019-11-10,10:49:49,38989
27.834615,98.686551,1457.12,,2019-11-10,10:49:52,38992
27.834159,98.687041,1458.1,,2019-11-10,10:49:55,38995
27.833676,98.687478,1456.98,,2019-11-10,10:49:58,38998
27.833137,98.687797,1455.42,,2019-11-10,10:50:01,39001
27.832552,98.688075,1452.67,,2019-11-10,10:50:04,39004
27.831946,98.688309,1452.68,,2019-11-10,10:50:07,39007
27.831396,98.688553,1455.02,,2019-11-10,10:50:10,39010
27.830841,98.688784,1455.85,,2019-11-10,10:50:13,39013
27.830272,98.688935,1453.91,,2019-11-10,10:50:16,39016
27.82966,98.688985,1455.69,,2019-11-10,10:50:19,39019
27.829157,98.688948,1456.08,,2019-11-10,10:50:22,39022
27.828867,98.688908,1455.81,,2019-11-10,10:50:25,39025
27.828595,98.68887,1456.2,,2019-11-10,10:50:28,39028
27.828229,98.688787,1454.77,,2019-11-10,10:50:31,39031
27.827792,98.688603,1454.21,,2019-11-10,10:50:34,39034
27.827266,98.688489,1455.55,,2019-11-10,10:50:37,39037
27.826696,98.688532,1457.07,,2019-11-10,10:50:40,39040
27.826115,98.688647,1459.08,,2019-11-10,10:50:43,39043
27.825518,98.688778,1459.54,,2019-11-10,10:50:46,39046
27.824898,98.688954,1461.55,,2019-11-10,10:50:49,39049
27.824293,98.689176,1460.35,,2019-11-10,10:50:52,39052
27.823715,98.689511,1460.03,,2019-11-10,10:50:55,39055
27.823128,98.689851,1458.45,,2019-11-10,10:50:58,39058
27.822497,98.690099,1458.05,,2019-11-10,10:51:01,39061
27.82188,98.690407,1456.18,,2019-11-10,10:51:04,39064
27.821298,98.690828,1454.73,,2019-11-10,10:51:07,39067
27.820704,98.691253,1453.72,,2019-11-10,10:51:10,39070
27.820085,98.691658,1455.12,,2019-11-10,10:51:13,39073
27.819518,98.69202,1457.52,,2019-11-10,10:51:16,39076
27.818988,98.692268,1458.77,,2019-11-10,10:51:19,39079
27.818467,98.692348,1459.69,,2019-11-10,10:51:22,39082
27.818032,98.692416,1458.95,,2019-11-10,10:51:25,39085
27.817624,98.692395,1462.07,,2019-11-10,10:51:28,39088
27.81722,98.692253,1464.86,,2019-11-10,10:51:31,39091
27.816797,98.692031,1465.83,,2019-11-10,10:51:34,39094
27.816365,98.691731,1467.22,,2019-11-10,10:51:37,39097
27.815947,98.691364,1471.03,,2019-11-10,10:51:40,39100
27.815533,98.690993,1475.02,,2019-11-10,10:51:43,39103
27.815166,98.690639,1477.54,,2019-11-10,10:51:46,39106
27.814849,98.690237,1478.28,,2019-11-10,10:51:49,39109
27.814538,98.689796,1479.06,,2019-11-10,10:51:52,39112
27.81418,98.689377,1478.87,,2019-11-10,10:51:55,39115
27.813758,98.688962,1475.91,,2019-11-10,10:51:58,39118
27.813341,98.688488,1477.39,,2019-11-10,10:52:01,39121
27.812924,98.688024,1474.01,,2019-11-10,10:52:04,39124
27.812445,98.687637,1472.09,,2019-11-10,10:52:07,39127
27.811968,98.687236,1470.28,,2019-11-10,10:52:10,39130
27.811502,98.686816,1470.45,,2019-11-10,10:52:13,39133
27.810957,98.68654,1469.89,,2019-11-10,10:52:16,39136
27.810393,98.686223,1467.22,,2019-11-10,10:52:19,39139
27.809837,98.685812,1461.59,,2019-11-10,10:52:22,39142
27.809201,98.685427,1457.5,,2019-11-10,10:52:25,39145
27.808526,98.685092,1454.98,,2019-11-10,10:52:29,39149
27.807842,98.684799,1452.07,,2019-11-10,10:52:32,39152
27.807177,98.684622,1451.33,,2019-11-10,10:52:35,39155
27.806588,98.684457,1448.71,,2019-11-10,10:52:38,39158
27.806078,98.684288,1453.9,,2019-11-10,10:52:41,39161
27.805643,98.684051,1445.74,,2019-11-10,10:52:44,39164
27.805258,98.683824,1441.9,,2019-11-10,10:52:47,39167
27.804856,98.68371,1442.14,,2019-11-10,10:52:50,39170
27.804505,98.68365,1442.25,,2019-11-10,10:52:53,39173
27.80422,98.683701,1441.31,,2019-11-10,10:52:56,39176
27.803983,98.683776,1440.58,,2019-11-10,10:52:59,39179
27.803728,98.683823,1437.71,,2019-11-10,10:53:02,39182
27.803461,98.683755,1435.57,,2019-11-10,10:53:05,39185
27.803115,98.683655,1434.32,,2019-11-10,10:53:08,39188
27.802667,98.683619,1432.96,,2019-11-10,10:53:11,39191
27.802203,98.683707,1431.48,,2019-11-10,10:53:14,39194
27.801771,98.683861,1431.23,,2019-11-10,10:53:17,39197
27.801392,98.683906,1429.67,,2019-11-10,10:53:20,39200
27.801067,98.68389,1426.84,,2019-11-10,10:53:23,39203
27.800693,98.683941,1427.1,,2019-11-10,10:53:26,39206
27.800237,98.684056,1426.26,,2019-11-10,10:53:29,39209
27.79971,98.684207,1425.67,,2019-11-10,10:53:32,39212
27.799156,98.684399,1426.15,,2019-11-10,10:53:35,39215
27.798566,98.684595,1426.12,,2019-11-10,10:53:38,39218
27.79796,98.684769,1427.24,,2019-11-10,10:53:41,39221
27.797352,98.68483,1430.89,,2019-11-10,10:53:44,39224
27.796815,98.684798,1431.72,,2019-11-10,10:53:47,39227
27.796548,98.684728,1430.43,,2019-11-10,10:53:50,39230
27.796525,98.684743,1431.5,,2019-11-10,10:53:56,39236
27.796565,98.684759,1432.8,,2019-11-10,10:53:59,39239
27.796602,98.68478,1432.82,,2019-11-10,10:54:02,39242
27.796647,98.684793,1432.08,,2019-11-10,10:54:05,39245
27.7967,98.684804,1432.23,,2019-11-10,10:54:08,39248
27.796758,98.684812,1432.97,,2019-11-10,10:54:11,39251
27.796792,98.684819,1432.86,,2019-11-10,10:54:14,39254
27.796842,98.684831,1431.94,,2019-11-10,10:54:20,39260
27.796878,98.684849,1432.81,,2019-11-10,10:54:26,39266
27.796905,98.684843,1432.17,,2019-11-10,10:54:32,39272
27.796799,98.684779,1432.75,,2019-11-10,10:54:38,39278
27.796516,98.684686,1434.33,,2019-11-10,10:54:41,39281
27.796104,98.684577,1434.46,,2019-11-10,10:54:44,39284
27.795605,98.684486,1435.96,,2019-11-10,10:54:47,39287
27.795088,98.684437,1437.99,,2019-11-10,10:54:50,39290
27.794647,98.684221,1438.19,,2019-11-10,10:54:53,39293
27.794234,98.683894,1436.66,,2019-11-10,10:54:56,39296
27.793775,98.683595,1435.73,,2019-11-10,10:54:59,39299
27.793346,98.683249,1433.5,,2019-11-10,10:55:02,39302
27.792987,98.682776,1432.99,,2019-11-10,10:55:05,39305
27.792622,98.682315,1433.1,,2019-11-10,10:55:08,39308
27.79215,98.681995,1430.04,,2019-11-10,10:55:11,39311
27.791449,98.68169,1425.91,,2019-11-10,10:55:14,39314
27.790939,98.681363,1424.86,,2019-11-10,10:55:17,39317
27.790398,98.681085,1424.81,,2019-11-10,10:55:20,39320
27.789859,98.680857,1425.24,,2019-11-10,10:55:23,39323
27.789352,98.680634,1424.38,,2019-11-10,10:55:26,39326
27.788812,98.680591,1423.75,,2019-11-10,10:55:29,39329
27.788232,98.680635,1426.87,,2019-11-10,10:55:32,39332
27.787613,98.680586,1426.47,,2019-11-10,10:55:35,39335
27.786942,98.680484,1426.64,,2019-11-10,10:55:38,39338
27.78624,98.680395,1427.75,,2019-11-10,10:55:41,39341
27.785572,98.68035,1428.16,,2019-11-10,10:55:44,39344
27.784939,98.680459,1427.89,,2019-11-10,10:55:47,39347
27.784364,98.680537,1429.45,,2019-11-10,10:55:50,39350
27.783911,98.680484,1429.78,,2019-11-10,10:55:53,39353
27.783546,98.680418,1430.08,,2019-11-10,10:55:56,39356
27.783173,98.68039,1432.12,,2019-11-10,10:55:59,39359
27.782714,98.680366,1431.72,,2019-11-10,10:56:02,39362
27.782198,98.680312,1430.06,,2019-11-10,10:56:05,39365
27.781636,98.680311,1429.08,,2019-11-10,10:56:08,39368
27.781079,98.680364,1430.49,,2019-11-10,10:56:11,39371
27.780589,98.680429,1430.84,,2019-11-10,10:56:14,39374
27.78009,98.680575,1429.65,,2019-11-10,10:56:17,39377
27.779566,98.680807,1428.19,,2019-11-10,10:56:20,39380
27.778969,98.680958,1425.9,,2019-11-10,10:56:23,39383
27.778298,98.681035,1422.33,,2019-11-10,10:56:26,39386
27.777616,98.681036,1421.8,,2019-11-10,10:56:29,39389
27.776932,98.681041,1421.72,,2019-11-10,10:56:32,39392
27.776296,98.681086,1423.3,,2019-11-10,10:56:35,39395
27.775723,98.681106,1423.79,,2019-11-10,10:56:38,39398
27.775161,98.680968,1422.63,,2019-11-10,10:56:41,39401
27.774625,98.68069,1422.45,,2019-11-10,10:56:44,39404
27.774051,98.680422,1421.51,,2019-11-10,10:56:47,39407
27.773449,98.680221,1418.72,,2019-11-10,10:56:50,39410
27.77282,98.680087,1416.93,,2019-11-10,10:56:53,39413
27.772228,98.67994,1415.6,,2019-11-10,10:56:56,39416
27.771664,98.679804,1415.45,,2019-11-10,10:56:59,39419
27.771165,98.679664,1415.09,,2019-11-10,10:57:02,39422
27.770738,98.679514,1415.04,,2019-11-10,10:57:05,39425
27.770285,98.67935,1415.23,,2019-11-10,10:57:08,39428
27.769809,98.679232,1415.19,,2019-11-10,10:57:11,39431
27.769372,98.679209,1416.26,,2019-11-10,10:57:14,39434
27.768959,98.679135,1416.33,,2019-11-10,10:57:17,39437
27.7686,98.678956,1417.04,,2019-11-10,10:57:20,39440
27.768261,98.678847,1419.04,,2019-11-10,10:57:23,39443
27.767825,98.678893,1419.05,,2019-11-10,10:57:26,39446
27.767376,98.678881,1418.57,,2019-11-10,10:57:29,39449
27.766893,98.678693,1417.07,,2019-11-10,10:57:32,39452
27.7664,98.678379,1416.73,,2019-11-10,10:57:35,39455
27.7659,98.678008,1417.61,,2019-11-10,10:57:38,39458
27.76538,98.677756,1417.29,,2019-11-10,10:57:41,39461
27.76486,98.6777,1416.48,,2019-11-10,10:57:44,39464
27.764373,98.677573,1414.94,,2019-11-10,10:57:47,39467
27.764016,98.677354,1415.78,,2019-11-10,10:57:50,39470
27.763739,98.677206,1416.56,,2019-11-10,10:57:53,39473
27.763497,98.677098,1415.49,,2019-11-10,10:57:56,39476
27.763255,98.676963,1413.91,,2019-11-10,10:57:59,39479
27.76296,98.676777,1415.99,,2019-11-10,10:58:02,39482
27.762585,98.676568,1418.3,,2019-11-10,10:58:05,39485
27.762175,98.676336,1420.21,,2019-11-10,10:58:08,39488
27.761727,98.676175,1420.58,,2019-11-10,10:58:11,39491
27.761252,98.676134,1421.15,,2019-11-10,10:58:14,39494
27.760738,98.676158,1422.97,,2019-11-10,10:58:17,39497
27.760199,98.676168,1424.22,,2019-11-10,10:58:20,39500
27.759691,98.676086,1423.8,,2019-11-10,10:58:23,39503
27.759174,98.675937,1421.85,,2019-11-10,10:58:26,39506
27.758728,98.67578,1423.46,,2019-11-10,10:58:29,39509
27.758383,98.67565,1422.93,,2019-11-10,10:58:32,39512
27.758068,98.675567,1422.53,,2019-11-10,10:58:35,39515
